Morph-Lemma,Morph-Inflection
一,一
一会儿,一会儿
一共,一共
一切,一切
一定,一定
一旦,一旦
一样,一样
一直,一直
一致,一致
一般,一般
一起,一起
一路,一路
一辈子,一辈子
一边,一边
丁,丁
七,七
万,万
万一,万一
丈夫,丈夫
三,三
上,上
上午,上午
上当,上当
上班,上班
上网,上网
下,下
下午,下午
下载,下载
下雨,下雨
不,不
不仅,不仅
不但,不但
不免,不免
不好意思,不好意思
不如,不如
不安,不安
不客气,不客气
不得不,不得不
不得了,不得了
不必,不必
不断,不断
不然,不然
不管,不管
不耐烦,不耐烦
不要紧,不要紧
不见得,不见得
不足,不足
不过,不过
与,与
与其,与其
丑,丑
专业,专业
专家,专家
专心,专心
专门,专门
世界,世界
世纪,世纪
丙,丙
业余,业余
业务,业务
东,东
东西,东西
丝毫,丝毫
丝绸,丝绸
丢,丢
两,两
严格,严格
严肃,严肃
严重,严重
个,个
个人,个人
个别,个别
个子,个子
个性,个性
中介,中介
中午,中午
中国,中国
中心,中心
中文,中文
中旬,中旬
中间,中间
丰富,丰富
临时,临时
为,为
为了,为了
为什么,为什么
主人,主人
主动,主动
主席,主席
主张,主张
主意,主意
主持,主持
主要,主要
主观,主观
举,举
举办,举办
举行,举行
久,久
义务,义务
之,之
乐观,乐观
乒乓球,乒乓球
乖,乖
乘,乘
乘坐,乘坐
乙,乙
九,九
也,也
也许,也许
习惯,习惯
书,书
书架,书架
买,买
乱,乱
了,了
了不起,了不起
了解,了解
争取,争取
争论,争论
事先,事先
事实,事实
事情,事情
事物,事物
二,二
于是,于是
云,云
互相,互相
五,五
亚洲,亚洲
些,些
交,交
交换,交换
交流,交流
交通,交通
交际,交际
产品,产品
产生,产生
享受,享受
京剧,京剧
亮,亮
亲切,亲切
亲戚,亲戚
亲爱,亲爱
亲自,亲自
人,人
人事,人事
人口,人口
人员,人员
人才,人才
人民币,人民币
人物,人物
人生,人生
人类,人类
亿,亿
什么,什么
今天,今天
介绍,介绍
仍然,仍然
从,从
从事,从事
从前,从前
从来,从来
从此,从此
从而,从而
仔细,仔细
他,他
付款,付款
代替,代替
代表,代表
以,以
以为,以为
以前,以前
以及,以及
以后,以后
以来,以来
件,件
价值,价值
价格,价格
任何,任何
任务,任务
份,份
仿佛,仿佛
企业,企业
企图,企图
休息,休息
休闲,休闲
优势,优势
优惠,优惠
优点,优点
优秀,优秀
优美,优美
伙伴,伙伴
会,会
会计,会计
会议,会议
伞,伞
伟大,伟大
传播,传播
传染,传染
传真,传真
传统,传统
传说,传说
传递,传递
伤心,伤心
估计,估计
伸,伸
似乎,似乎
似的,似的
但是,但是
位,位
位置,位置
低,低
住,住
体会,体会
体现,体现
体积,体积
体育,体育
体贴,体贴
体验,体验
何况,何况
何必,何必
作业,作业
作为,作为
作品,作品
作文,作文
作用,作用
作者,作者
你,你
佩服,佩服
使,使
使劲儿,使劲儿
使用,使用
例如,例如
依然,依然
侵略,侵略
便,便
便宜,便宜
促使,促使
促进,促进
保存,保存
保护,保护
保持,保持
保留,保留
保证,保证
保险,保险
信,信
信任,信任
信号,信号
信封,信封
信心,信心
信息,信息
信用卡,信用卡
俩,俩
修,修
修改,修改
俱乐部,俱乐部
倍,倍
倒,倒
倒霉,倒霉
借,借
借口,借口
值得,值得
假,假
假如,假如
假装,假装
做,做
做生意,做生意
停止,停止
健康,健康
健身房,健身房
偶尔,偶尔
偶然,偶然
傍晚,傍晚
催,催
傻,傻
像,像
儿子,儿子
儿童,儿童
允许,允许
元,元
元旦,元旦
兄弟,兄弟
充分,充分
充满,充满
充电器,充电器
先,先
先生,先生
光,光
光临,光临
光明,光明
光滑,光滑
光盘,光盘
光荣,光荣
克,克
克服,克服
免费,免费
兔子,兔子
入口,入口
全部,全部
全面,全面
八,八
公主,公主
公元,公元
公共汽车,公共汽车
公司,公司
公园,公园
公寓,公寓
公布,公布
公平,公平
公开,公开
公斤,公斤
公里,公里
六,六
共同,共同
关,关
关于,关于
关心,关心
关怀,关怀
关系,关系
关键,关键
关闭,关闭
兴奋,兴奋
兴趣,兴趣
其中,其中
其他,其他
其余,其余
其实,其实
其次,其次
具体,具体
具备,具备
养成,养成
内,内
内容,内容
内科,内科
册,册
再,再
再三,再三
再见,再见
冒险,冒险
写,写
军事,军事
农业,农业
农村,农村
农民,农民
冠军,冠军
冬,冬
冰箱,冰箱
冲,冲
决定,决定
决心,决心
决赛,决赛
冷,冷
冷静,冷静
冻,冻
准备,准备
准时,准时
准确,准确
凉快,凉快
减少,减少
减肥,减肥
几,几
几乎,几乎
凡是,凡是
凭,凭
出,出
出发,出发
出口,出口
出差,出差
出席,出席
出版,出版
出现,出现
出生,出生
出租车,出租车
出色,出色
刀,刀
分,分
分之,分之
分别,分别
分布,分布
分析,分析
分配,分配
分钟,分钟
切,切
划船,划船
则,则
刚刚,刚刚
刚才,刚才
创造,创造
初级,初级
删除,删除
判断,判断
利息,利息
利润,利润
利用,利用
利益,利益
别,别
别人,别人
刮,刮
到,到
到处,到处
到底,到底
到达,到达
制作,制作
制定,制定
制度,制度
制造,制造
刷,刷
刺激,刺激
刻,刻
刻苦,刻苦
前途,前途
前面,前面
剩,剩
剪刀,剪刀
力气,力气
力量,力量
劝,劝
办公室,办公室
办法,办法
办理,办理
功夫,功夫
功能,功能
加油站,加油站
加班,加班
动作,动作
动物,动物
动画片,动画片
努力,努力
劳动,劳动
劳驾,劳驾
勇敢,勇敢
勇气,勇气
勤劳,勤劳
勤奋,勤奋
勺子,勺子
包,包
包含,包含
包子,包子
包括,包括
包裹,包裹
匆忙,匆忙
化学,化学
北京,北京
北方,北方
匹,匹
区别,区别
医生,医生
医院,医院
十,十
十分,十分
千,千
千万,千万
升,升
半,半
华裔,华裔
协调,协调
单位,单位
单元,单元
单独,单独
单纯,单纯
单调,单调
卖,卖
南,南
博士,博士
博物馆,博物馆
占线,占线
卡车,卡车
卧室,卧室
卫生间,卫生间
印象,印象
危害,危害
危险,危险
即使,即使
却,却
卷,卷
历史,历史
厉害,厉害
压力,压力
厕所,厕所
厘米,厘米
厚,厚
原则,原则
原因,原因
原料,原料
原来,原来
原谅,原谅
厨房,厨房
去,去
去世,去世
去年,去年
县,县
参与,参与
参加,参加
参考,参考
参观,参观
又,又
叉子,叉子
及时,及时
及格,及格
友好,友好
友谊,友谊
双,双
双方,双方
反复,反复
反对,反对
反应,反应
反映,反映
反正,反正
反而,反而
发,发
发展,发展
发愁,发愁
发抖,发抖
发挥,发挥
发明,发明
发烧,发烧
发现,发现
发生,发生
发票,发票
发表,发表
发言,发言
发达,发达
叔叔,叔叔
取,取
取消,取消
受不了,受不了
受伤,受伤
受到,受到
变化,变化
叙述,叙述
口,口
口味,口味
古代,古代
古典,古典
古老,古老
句子,句子
另外,另外
只,只
只好,只好
只要,只要
叫,叫
召开,召开
可以,可以
可怕,可怕
可怜,可怜
可惜,可惜
可是,可是
可爱,可爱
可能,可能
可见,可见
可靠,可靠
台,台
台阶,台阶
右边,右边
叶子,叶子
号,号
号码,号码
司机,司机
吃,吃
吃亏,吃亏
吃惊,吃惊
各,各
各自,各自
合作,合作
合同,合同
合影,合影
合格,合格
合法,合法
合理,合理
合适,合适
同事,同事
同学,同学
同情,同情
同意,同意
同时,同时
名字,名字
名片,名片
名牌,名牌
名胜,名胜
后悔,后悔
后来,后来
后果,后果
后面,后面
吐,吐
向,向
吓,吓
吗,吗
否则,否则
否定,否定
否认,否认
吧,吧
吨,吨
听,听
启发,启发
吵,吵
吵架,吵架
吸引,吸引
吸收,吸收
吹,吹
吻,吻
呀,呀
呆,呆
告别,告别
告诉,告诉
呢,呢
周到,周到
周围,周围
周末,周末
味道,味道
呼吸,呼吸
命令,命令
命运,命运
和,和
和平,和平
咖啡,咖啡
咨询,咨询
咬,咬
咱们,咱们
咳嗽,咳嗽
咸,咸
品种,品种
哈,哈
响,响
哥哥,哥哥
哪,哪
哪怕,哪怕
哭,哭
哲学,哲学
唉,唉
售货员,售货员
唯一,唯一
唱歌,唱歌
商业,商业
商品,商品
商店,商店
商量,商量
啊,啊
啤酒,啤酒
喂,喂
善于,善于
善良,善良
喊,喊
喜欢,喜欢
喝,喝
嗓子,嗓子
嘉宾,嘉宾
嘱咐,嘱咐
嘴,嘴
嚷,嚷
四,四
回,回
回忆,回忆
回答,回答
因为,因为
因此,因此
因素,因素
因而,因而
团,团
困,困
困难,困难
围巾,围巾
围绕,围绕
固体,固体
固定,固定
国家,国家
国庆节,国庆节
国籍,国籍
国际,国际
图书馆,图书馆
圆,圆
圈,圈
土地,土地
土豆,土豆
在,在
地,地
地位,地位
地区,地区
地图,地图
地址,地址
地方,地方
地毯,地毯
地球,地球
地理,地理
地道,地道
地铁,地铁
地震,地震
场,场
均匀,均匀
坏,坏
坐,坐
块,块
坚决,坚决
坚强,坚强
坚持,坚持
坦率,坦率
垃圾桶,垃圾桶
城市,城市
培养,培养
基本,基本
基础,基础
堆,堆
堵车,堵车
塑料袋,塑料袋
塔,塔
填空,填空
墙,墙
增加,增加
增长,增长
士兵,士兵
声调,声调
声音,声音
壶,壶
处理,处理
复习,复习
复制,复制
复印,复印
复杂,复杂
夏,夏
外,外
外交,外交
多,多
多么,多么
多亏,多亏
多余,多余
多少,多少
夜,夜
够,够
大,大
大使馆,大使馆
大型,大型
大夫,大夫
大家,大家
大方,大方
大概,大概
大约,大约
大象,大象
天气,天气
天真,天真
天空,天空
太,太
太太,太太
太极拳,太极拳
太阳,太阳
失业,失业
失去,失去
失望,失望
失眠,失眠
失败,失败
头发,头发
夸,夸
夹子,夹子
奇怪,奇怪
奇迹,奇迹
奋斗,奋斗
奖金,奖金
套,套
女人,女人
女儿,女儿
女士,女士
奶奶,奶奶
她,她
好,好
好像,好像
好吃,好吃
好处,好处
好奇,好奇
如今,如今
如何,如何
如果,如果
妇女,妇女
妈妈,妈妈
妨碍,妨碍
妹妹,妹妹
妻子,妻子
始终,始终
姐姐,姐姐
姑姑,姑姑
姑娘,姑娘
姓,姓
委屈,委屈
委托,委托
姥姥,姥姥
姿势,姿势
威胁,威胁
娱乐,娱乐
娶,娶
婚姻,婚姻
婚礼,婚礼
嫁,嫁
嫩,嫩
字,字
字典,字典
字幕,字幕
存,存
存在,存在
孙子,孙子
孝顺,孝顺
季节,季节
孤单,孤单
学习,学习
学期,学期
学术,学术
学校,学校
学生,学生
学问,学问
孩子,孩子
宁可,宁可
它,它
宇宙,宇宙
安全,安全
安慰,安慰
安排,安排
安装,安装
安静,安静
完,完
完全,完全
完善,完善
完成,完成
完整,完整
完美,完美
宗教,宗教
官,官
宝贝,宝贝
宝贵,宝贵
实习,实习
实在,实在
实现,实现
实用,实用
实行,实行
实话,实话
实践,实践
实际,实际
实验,实验
宠物,宠物
客人,客人
客厅,客厅
客观,客观
宣传,宣传
宣布,宣布
害怕,害怕
害羞,害羞
宴会,宴会
家,家
家乡,家乡
家具,家具
家务,家务
家庭,家庭
容易,容易
宽,宽
宾馆,宾馆
宿舍,宿舍
寂寞,寂寞
寄,寄
密切,密切
密码,密码
富,富
寒假,寒假
对,对
对不起,对不起
对于,对于
对待,对待
对手,对手
对方,对方
对比,对比
对话,对话
对象,对象
对面,对面
寺庙,寺庙
寻找,寻找
导游,导游
导演,导演
导致,导致
寿命,寿命
射击,射击
将来,将来
尊敬,尊敬
尊重,尊重
小,小
小伙子,小伙子
小偷,小偷
小吃,小吃
小姐,小姐
小心,小心
小时,小时
小气,小气
小说,小说
小麦,小麦
少,少
尖锐,尖锐
尝,尝
尤其,尤其
就,就
尺子,尺子
尽力,尽力
尽管,尽管
尽量,尽量
尾巴,尾巴
层,层
居然,居然
届,届
屋子,屋子
展开,展开
展览,展览
属于,属于
岁,岁
岛,岛
岸,岸
工业,工业
工人,工人
工作,工作
工具,工具
工厂,工厂
工程师,工程师
工资,工资
左边,左边
巧克力,巧克力
巧妙,巧妙
巨大,巨大
差,差
差不多,差不多
差别,差别
已经,已经
市场,市场
布,布
帅,帅
师傅,师傅
希望,希望
带,带
帮助,帮助
帮忙,帮忙
常识,常识
帽子,帽子
幅,幅
干,干
干净,干净
干杯,干杯
干活儿,干活儿
干燥,干燥
干脆,干脆
平,平
平均,平均
平常,平常
平方,平方
平时,平时
平等,平等
平衡,平衡
平静,平静
年,年
年代,年代
年级,年级
年纪,年纪
年轻,年轻
年龄,年龄
并且,并且
幸亏,幸亏
幸福,幸福
幸运,幸运
幻想,幻想
幼儿园,幼儿园
幽默,幽默
广告,广告
广场,广场
广大,广大
广播,广播
广泛,广泛
庆祝,庆祝
应付,应付
应用,应用
应聘,应聘
应该,应该
底,底
废话,废话
度过,度过
座,座
座位,座位
延长,延长
建立,建立
建筑,建筑
建议,建议
建设,建设
开,开
开发,开发
开始,开始
开幕式,开幕式
开心,开心
开放,开放
开玩笑,开玩笑
弄,弄
引起,引起
弟弟,弟弟
张,张
弯,弯
弱,弱
弹,弹
强烈,强烈
强调,强调
当,当
当代,当代
当地,当地
当时,当时
当然,当然
录取,录取
录音,录音
形势,形势
形容,形容
形式,形式
形成,形成
形状,形状
形象,形象
彩虹,彩虹
影响,影响
影子,影子
彻底,彻底
彼此,彼此
往,往
往往,往往
往返,往返
征求,征求
待遇,待遇
很,很
律师,律师
得,得
得意,得意
微笑,微笑
心情,心情
心理,心理
心脏,心脏
必然,必然
必要,必要
必需,必需
必须,必须
忍不住,忍不住
志愿者,志愿者
忘记,忘记
忙,忙
快,快
快乐,快乐
念,念
忽然,忽然
忽视,忽视
怀念,怀念
怀疑,怀疑
态度,态度
怎么,怎么
怎么样,怎么样
思想,思想
思考,思考
急忙,急忙
性别,性别
性格,性格
性质,性质
怪不得,怪不得
总之,总之
总共,总共
总是,总是
总理,总理
总算,总算
总结,总结
总统,总统
总裁,总裁
恋爱,恋爱
恐怕,恐怕
恐怖,恐怖
恢复,恢复
恨,恨
恶劣,恶劣
悄悄,悄悄
悠久,悠久
您,您
悲观,悲观
情况,情况
情景,情景
情绪,情绪
惭愧,惭愧
想,想
想念,想念
想象,想象
愉快,愉快
意义,意义
意外,意外
意思,意思
意见,意见
感冒,感冒
感动,感动
感受,感受
感情,感情
感想,感想
感激,感激
感觉,感觉
感谢,感谢
愤怒,愤怒
愿意,愿意
愿望,愿望
慌张,慌张
慢,慢
懂,懂
懒,懒
戏剧,戏剧
成为,成为
成分,成分
成功,成功
成就,成就
成果,成果
成熟,成熟
成立,成立
成绩,成绩
成语,成语
成长,成长
我,我
我们,我们
戒指,戒指
戒烟,戒烟
或者,或者
战争,战争
戴,戴
房东,房东
房间,房间
所,所
所以,所以
所有,所有
所谓,所谓
扇子,扇子
手套,手套
手工,手工
手指,手指
手术,手术
手机,手机
手续,手续
手表,手表
才,才
打交道,打交道
打印,打印
打听,打听
打喷嚏,打喷嚏
打工,打工
打扫,打扫
打扮,打扮
打扰,打扰
打折,打折
打招呼,打招呼
打电话,打电话
打算,打算
打篮球,打篮球
打针,打针
扔,扔
执照,执照
执行,执行
扩大,扩大
扶,扶
批,批
批准,批准
批评,批评
找,找
承受,承受
承担,承担
承认,承认
技术,技术
抄,抄
把,把
把握,把握
抓紧,抓紧
投资,投资
抗议,抗议
抢,抢
护士,护士
护照,护照
报名,报名
报告,报告
报纸,报纸
报道,报道
披,披
抬,抬
抱,抱
抱歉,抱歉
抽屉,抽屉
抽烟,抽烟
抽象,抽象
担任,担任
担心,担心
拆,拆
拉,拉
拍,拍
拐弯,拐弯
拒绝,拒绝
招待,招待
招聘,招聘
拥抱,拥抱
拥挤,拥挤
拦,拦
拿,拿
持续,持续
挂,挂
挂号,挂号
指,指
指导,指导
指挥,指挥
按时,按时
按照,按照
挑战,挑战
挡,挡
挣钱,挣钱
挥,挥
振动,振动
挺,挺
捐,捐
损失,损失
捡,捡
换,换
据说,据说
掉,掉
掌握,掌握
排列,排列
排球,排球
排队,排队
接,接
接受,接受
接待,接待
接着,接着
接触,接触
接近,接近
控制,控制
推,推
推广,推广
推荐,推荐
推辞,推辞
推迟,推迟
措施,措施
描写,描写
提,提
提供,提供
提倡,提倡
提前,提前
提纲,提纲
提醒,提醒
提问,提问
提高,提高
插,插
握手,握手
搞,搞
搬,搬
摄影,摄影
摆,摆
摇,摇
摔,摔
摘,摘
摩托车,摩托车
摸,摸
撕,撕
撞,撞
操场,操场
操心,操心
擦,擦
支,支
支持,支持
支票,支票
收,收
收入,收入
收拾,收拾
收据,收据
收获,收获
改变,改变
改善,改善
改正,改正
改进,改进
改革,改革
放,放
放弃,放弃
放心,放心
放暑假,放暑假
放松,放松
政府,政府
政治,政治
政策,政策
故事,故事
故意,故意
效果,效果
效率,效率
敌人,敌人
救,救
救护车,救护车
教,教
教室,教室
教授,教授
教材,教材
教练,教练
教育,教育
教训,教训
敢,敢
散步,散步
敬爱,敬爱
数字,数字
数学,数学
数据,数据
数码,数码
数量,数量
敲,敲
整个,整个
整体,整体
整理,整理
整齐,整齐
文件,文件
文具,文具
文化,文化
文学,文学
文明,文明
文章,文章
斜,斜
断,断
新,新
新闻,新闻
新鲜,新鲜
方,方
方便,方便
方向,方向
方式,方式
方案,方案
方法,方法
方面,方面
旁边,旁边
旅游,旅游
无,无
无奈,无奈
无数,无数
无聊,无聊
无论,无论
既然,既然
日,日
日历,日历
日常,日常
日期,日期
日用品,日用品
日程,日程
日记,日记
旧,旧
早上,早上
时代,时代
时候,时候
时刻,时刻
时尚,时尚
时期,时期
时间,时间
时髦,时髦
明信片,明信片
明天,明天
明星,明星
明显,明显
明白,明白
明确,明确
星期,星期
春,春
昨天,昨天
是,是
是否,是否
显得,显得
显然,显然
显示,显示
晒,晒
晕,晕
晚上,晚上
普通话,普通话
普遍,普遍
景色,景色
晴,晴
智慧,智慧
暂时,暂时
暖和,暖和
暗,暗
更,更
更加,更加
曾经,曾经
最,最
最初,最初
最后,最后
最好,最好
最近,最近
月,月
月亮,月亮
有,有
有利,有利
有名,有名
有趣,有趣
朋友,朋友
服从,服从
服务员,服务员
服装,服装
朝,朝
朝代,朝代
期待,期待
期间,期间
木头,木头
未必,未必
未来,未来
本,本
本来,本来
本科,本科
本质,本质
本领,本领
朴素,朴素
朵,朵
机会,机会
机器,机器
机场,机场
杀,杀
杂志,杂志
权利,权利
权力,权力
材料,材料
条,条
条件,条件
来,来
来不及,来不及
来得及,来得及
来自,来自
杯子,杯子
极,极
极其,极其
构成,构成
枕头,枕头
果实,果实
果汁,果汁
果然,果然
枪,枪
某,某
柜台,柜台
标准,标准
标志,标志
标点,标点
树,树
校长,校长
样子,样子
样式,样式
核心,核心
根,根
根据,根据
根本,根本
格外,格外
桃,桃
桌子,桌子
桔子,桔子
桥,桥
梦,梦
梨,梨
梳子,梳子
检查,检查
棉花,棉花
棒,棒
森林,森林
棵,棵
椅子,椅子
植物,植物
楼,楼
概念,概念
概括,概括
模仿,模仿
模糊,模糊
横,横
橡皮,橡皮
欠,欠
次,次
次要,次要
欢迎,欢迎
欣赏,欣赏
歇,歇
正,正
正在,正在
正好,正好
正常,正常
正式,正式
正确,正确
此外,此外
步骤,步骤
武器,武器
武术,武术
歪,歪
死,死
残疾,残疾
段,段
母亲,母亲
每,每
比,比
比例,比例
比如,比如
比赛,比赛
比较,比较
毕业,毕业
毕竟,毕竟
毛,毛
毛巾,毛巾
毛病,毛病
民主,民主
民族,民族
气候,气候
气氛,气氛
水,水
水平,水平
水果,水果
永远,永远
汇率,汇率
汉语,汉语
汗,汗
池子,池子
污染,污染
汤,汤
汽油,汽油
沉默,沉默
沙发,沙发
沙滩,沙滩
沙漠,沙漠
沟通,沟通
没,没
没关系,没关系
河,河
油炸,油炸
治疗,治疗
法律,法律
法院,法院
注册,注册
注意,注意
洒,洒
洗,洗
洗手间,洗手间
洗澡,洗澡
洗衣机,洗衣机
洞,洞
活动,活动
活泼,活泼
活跃,活跃
派,派
流传,流传
流利,流利
流泪,流泪
流行,流行
浅,浅
浇,浇
测验,测验
浏览,浏览
浓,浓
浪漫,浪漫
浪费,浪费
海关,海关
海洋,海洋
海鲜,海鲜
消化,消化
消失,消失
消息,消息
消灭,消灭
消费,消费
涨,涨
液体,液体
淡,淡
深,深
深刻,深刻
清楚,清楚
清淡,清淡
温度,温度
温暖,温暖
温柔,温柔
渴,渴
游戏,游戏
游泳,游泳
游览,游览
湿润,湿润
滑冰,滑冰
滚,滚
满,满
满意,满意
满足,满足
滴,滴
漂亮,漂亮
漏,漏
演出,演出
演员,演员
激动,激动
激烈,激烈
火,火
火柴,火柴
火车站,火车站
灯,灯
灰,灰
灰尘,灰尘
灰心,灰心
灵活,灵活
灾害,灾害
炒,炒
点,点
点头,点头
点心,点心
烂,烂
烤鸭,烤鸭
烦恼,烦恼
烫,烫
热,热
热心,热心
热情,热情
热烈,热烈
热爱,热爱
热闹,热闹
然后,然后
然而,然而
煎,煎
煤炭,煤炭
照常,照常
照片,照片
照相机,照相机
照顾,照顾
煮,煮
熊猫,熊猫
熟悉,熟悉
熟练,熟练
燃烧,燃烧
爬山,爬山
爱,爱
爱好,爱好
爱心,爱心
爱情,爱情
爱惜,爱惜
爱护,爱护
父亲,父亲
爷爷,爷爷
爸爸,爸爸
片,片
片面,片面
牙膏,牙膏
牛仔裤,牛仔裤
牛奶,牛奶
物理,物理
物质,物质
牵,牵
特别,特别
特征,特征
特意,特意
特殊,特殊
特点,特点
状况,状况
状态,状态
犹豫,犹豫
狗,狗
狡猾,狡猾
独特,独特
独立,独立
狮子,狮子
狼,狼
猜,猜
猪,猪
猫,猫
猴子,猴子
玉米,玉米
王子,王子
玩,玩
玩具,玩具
环境,环境
现代,现代
现在,现在
现实,现实
现象,现象
现金,现金
玻璃,玻璃
珍惜,珍惜
班,班
班主任,班主任
球迷,球迷
理发,理发
理想,理想
理由,理由
理解,理解
理论,理论
瓶子,瓶子
甚至,甚至
甜,甜
生产,生产
生动,生动
生命,生命
生日,生日
生气,生气
生活,生活
生病,生病
用,用
用途,用途
甩,甩
田野,田野
由,由
由于,由于
甲,甲
申请,申请
电台,电台
电子,电子
电影,电影
电梯,电梯
电池,电池
电脑,电脑
电视,电视
男人,男人
画,画
留,留
留学,留学
疑问,疑问
疯狂,疯狂
疲劳,疲劳
疼,疼
疼爱,疼爱
病毒,病毒
痒,痒
痛快,痛快
痛苦,痛苦
瘦,瘦
登机牌,登机牌
登记,登记
白,白
百,百
的,的
的确,的确
皇后,皇后
皇帝,皇帝
皮肤,皮肤
皮鞋,皮鞋
盆,盆
盐,盐
盒子,盒子
盖,盖
盘子,盘子
目前,目前
目录,目录
目标,目标
目的,目的
直,直
直接,直接
相似,相似
相信,相信
相关,相关
相反,相反
相同,相同
相处,相处
相对,相对
相当,相当
盼望,盼望
省,省
省略,省略
眉毛,眉毛
看,看
看不起,看不起
看来,看来
看法,看法
看见,看见
真,真
真实,真实
真正,真正
真理,真理
眼睛,眼睛
眼镜,眼镜
着,着
着凉,着凉
着急,着急
睁,睁
睡觉,睡觉
瞎,瞎
瞧,瞧
矛盾,矛盾
知识,知识
知道,知道
短,短
短信,短信
矮,矮
石头,石头
矿泉水,矿泉水
砍,砍
研究生,研究生
破,破
破产,破产
破坏,破坏
硕士,硕士
硬,硬
硬件,硬件
硬币,硬币
确定,确定
确实,确实
确认,确认
碎,碎
碗,碗
碰见,碰见
磁带,磁带
礼拜天,礼拜天
礼物,礼物
礼貌,礼貌
社会,社会
祖先,祖先
祖国,祖国
祝,祝
祝福,祝福
祝贺,祝贺
神秘,神秘
神经,神经
神话,神话
票,票
禁止,禁止
离,离
离婚,离婚
离开,离开
私人,私人
秋,秋
种,种
科学,科学
秒,秒
秘书,秘书
秘密,秘密
租,租
秩序,秩序
积极,积极
积累,积累
称,称
称呼,称呼
称赞,称赞
移动,移动
移民,移民
程序,程序
程度,程度
稍微,稍微
税,税
稳定,稳定
究竟,究竟
穷,穷
空气,空气
空调,空调
空闲,空闲
空间,空间
穿,穿
突出,突出
突然,突然
窄,窄
窗帘,窗帘
窗户,窗户
立刻,立刻
立即,立即
立方,立方
站,站
竞争,竞争
竟然,竟然
竹子,竹子
笑,笑
笑话,笑话
笔记本,笔记本
符合,符合
笨,笨
第一,第一
等,等
等于,等于
等候,等候
等待,等待
答应,答应
答案,答案
筷子,筷子
签字,签字
签证,签证
简单,简单
简历,简历
简直,简直
算,算
管子,管子
管理,管理
篇,篇
米,米
米饭,米饭
类,类
粒,粒
粗心,粗心
粘贴,粘贴
粮食,粮食
精力,精力
精彩,精彩
精神,精神
糊涂,糊涂
糖,糖
糟糕,糟糕
系,系
系统,系统
系领带,系领带
紧,紧
紧张,紧张
紧急,紧急
紫,紫
累,累
繁荣,繁荣
红,红
约会,约会
纪录,纪录
纪律,纪律
纪念,纪念
纷纷,纷纷
练习,练习
组合,组合
组成,组成
组织,组织
细节,细节
终于,终于
经典,经典
经历,经历
经常,经常
经济,经济
经理,经理
经营,经营
经过,经过
经验,经验
结合,结合
结婚,结婚
结实,结实
结束,结束
结构,结构
结果,结果
结论,结论
结账,结账
绕,绕
给,给
绝对,绝对
统一,统一
统治,统治
继续,继续
绳子,绳子
维护,维护
综合,综合
绿,绿
缓解,缓解
编辑,编辑
缘故,缘故
缩小,缩小
缩短,缩短
缺乏,缺乏
缺少,缺少
缺点,缺点
罐头,罐头
网球,网球
网站,网站
罚款,罚款
罪犯,罪犯
羊肉,羊肉
美丽,美丽
美术,美术
羡慕,羡慕
群,群
羽毛球,羽毛球
翅膀,翅膀
翻,翻
翻译,翻译
老,老
老实,老实
老师,老师
老板,老板
老百姓,老百姓
老虎,老虎
老鼠,老鼠
考虑,考虑
考试,考试
而,而
而且,而且
耐心,耐心
耳朵,耳朵
耽误,耽误
聊天,聊天
职业,职业
联合,联合
联系,联系
聚会,聚会
聪明,聪明
肌肉,肌肉
肚子,肚子
股票,股票
肥皂,肥皂
肩膀,肩膀
肯定,肯定
肺,肺
胃,胃
胆小鬼,胆小鬼
背,背
背景,背景
胖,胖
胜利,胜利
胡同,胡同
胡说,胡说
胡须,胡须
胳膊,胳膊
胶水,胶水
胸,胸
能,能
能力,能力
能干,能干
能源,能源
脏,脏
脑袋,脑袋
脖子,脖子
脚,脚
脱,脱
脸,脸
脾气,脾气
腰,腰
腿,腿
自从,自从
自信,自信
自动,自动
自己,自己
自愿,自愿
自然,自然
自由,自由
自私,自私
自行车,自行车
自觉,自觉
自豪,自豪
臭,臭
至于,至于
至今,至今
至少,至少
舅舅,舅舅
舌头,舌头
舍不得,舍不得
舒服,舒服
舒适,舒适
航班,航班
船,船
良好,良好
艰巨,艰巨
艰苦,艰苦
艺术,艺术
节,节
节日,节日
节目,节目
节省,节省
节约,节约
花,花
花园,花园
花生,花生
苗条,苗条
苦,苦
英俊,英俊
英雄,英雄
苹果,苹果
范围,范围
茶,茶
草,草
荣幸,荣幸
荣誉,荣誉
药,药
获得,获得
菜,菜
菜单,菜单
营业,营业
营养,营养
落后,落后
著名,著名
葡萄,葡萄
蓝,蓝
蔬菜,蔬菜
薄,薄
虚心,虚心
虽然,虽然
蛇,蛇
蛋糕,蛋糕
蜜蜂,蜜蜂
蜡烛,蜡烛
蝴蝶,蝴蝶
融化,融化
血,血
行,行
行业,行业
行为,行为
行人,行人
行动,行动
行李箱,行李箱
街道,街道
衣服,衣服
补充,补充
表情,表情
表扬,表扬
表明,表明
表格,表格
表演,表演
表现,表现
表示,表示
表达,表达
表面,表面
衬衫,衬衫
袜子,袜子
被,被
被子,被子
装,装
装饰,装饰
裙子,裙子
裤子,裤子
西,西
西瓜,西瓜
西红柿,西红柿
要,要
要不,要不
要是,要是
要求,要求
见面,见面
观众,观众
观察,观察
观念,观念
观点,观点
规则,规则
规定,规定
规律,规律
规模,规模
规矩,规矩
觉得,觉得
角,角
角度,角度
角色,角色
解决,解决
解放,解放
解说员,解说员
解释,解释
警察,警察
计划,计划
计算,计算
认为,认为
认真,认真
认识,认识
讨厌,讨厌
讨论,讨论
让,让
训练,训练
议论,议论
记录,记录
记得,记得
记忆,记忆
记者,记者
讲,讲
讲座,讲座
讲究,讲究
许多,许多
论文,论文
讽刺,讽刺
设备,设备
设施,设施
设计,设计
访问,访问
证件,证件
证据,证据
证明,证明
评价,评价
诊断,诊断
词典,词典
词语,词语
试,试
试卷,试卷
诗,诗
诚实,诚实
诚恳,诚恳
话题,话题
询问,询问
详细,详细
语气,语气
语法,语法
语言,语言
误会,误会
说不定,说不定
说明,说明
说服,说服
说话,说话
请,请
请假,请假
请客,请客
请求,请求
读,读
课,课
课程,课程
谁,谁
调整,调整
调查,调查
调皮,调皮
谈,谈
谈判,谈判
谜语,谜语
谢谢,谢谢
谦虚,谦虚
谨慎,谨慎
豆腐,豆腐
象征,象征
象棋,象棋
豪华,豪华
负责,负责
贡献,贡献
财产,财产
责任,责任
责备,责备
账户,账户
质量,质量
购物,购物
贵,贵
贷款,贷款
贸易,贸易
费用,费用
资料,资料
资格,资格
资源,资源
资金,资金
赔偿,赔偿
赚,赚
赞成,赞成
赞美,赞美
赢,赢
走,走
赶快,赶快
赶紧,赶紧
起床,起床
起来,起来
起飞,起飞
趁,趁
超市,超市
超过,超过
越,越
趋势,趋势
趟,趟
跑步,跑步
距离,距离
跟,跟
路,路
跳舞,跳舞
踢,踢
踩,踩
蹲,蹲
身份,身份
身体,身体
身材,身材
躲藏,躲藏
躺,躺
车厢,车厢
车库,车库
转变,转变
转告,转告
轮流,轮流
软,软
软件,软件
轻,轻
轻松,轻松
轻视,轻视
辅导,辅导
辆,辆
输,输
输入,输入
辛苦,辛苦
辞职,辞职
辣,辣
辣椒,辣椒
辩论,辩论
达到,达到
迅速,迅速
过,过
过分,过分
过去,过去
过敏,过敏
过期,过期
过程,过程
迎接,迎接
运动,运动
运气,运气
运用,运用
运输,运输
近,近
近代,近代
还,还
还是,还是
这,这
进,进
进口,进口
进步,进步
进行,进行
远,远
违反,违反
连,连
连忙,连忙
连续剧,连续剧
迟到,迟到
迫切,迫切
迷路,迷路
追求,追求
退,退
退休,退休
退步,退步
送,送
适合,适合
适应,适应
逃,逃
逃避,逃避
选举,选举
选择,选择
透明,透明
逐步,逐步
逐渐,逐渐
递,递
逗,逗
通常,通常
通知,通知
通讯,通讯
通过,通过
逛,逛
速度,速度
造成,造成
逻辑,逻辑
遇到,遇到
遍,遍
道德,道德
道歉,道歉
道理,道理
遗憾,遗憾
遵守,遵守
避免,避免
邀请,邀请
那,那
邮局,邮局
邻居,邻居
郊区,郊区
部分,部分
部门,部门
都,都
配合,配合
酒吧,酒吧
酱油,酱油
酸,酸
醉,醉
醋,醋
醒,醒
采取,采取
采访,采访
里,里
重,重
重复,重复
重新,重新
重点,重点
重要,重要
重视,重视
重量,重量
金属,金属
针对,针对
钓,钓
钟,钟
钢铁,钢铁
钥匙,钥匙
钱,钱
铃,铃
铅笔,铅笔
铜,铜
银,银
银行,银行
销售,销售
锁,锁
锅,锅
错,错
错误,错误
键盘,键盘
锻炼,锻炼
镜子,镜子
长,长
长城,长城
长江,长江
长途,长途
门,门
闪电,闪电
问,问
问候,问候
问题,问题
闯,闯
闻,闻
阅读,阅读
阳光,阳光
阳台,阳台
阴,阴
阵,阵
阶段,阶段
阻止,阻止
阿姨,阿姨
附近,附近
陆地,陆地
陆续,陆续
陌生,陌生
降低,降低
降落,降落
限制,限制
除,除
除了,除了
除夕,除夕
除非,除非
陪,陪
随便,随便
随时,随时
随着,随着
隔壁,隔壁
难,难
难受,难受
难怪,难怪
难看,难看
难过,难过
难道,难道
雄伟,雄伟
集中,集中
集体,集体
集合,集合
雇佣,雇佣
雪,雪
零,零
零件,零件
零钱,零钱
零食,零食
雷,雷
雾,雾
需要,需要
露,露
青,青
青少年,青少年
青春,青春
非,非
非常,非常
面临,面临
面包,面包
面对,面对
面条,面条
面积,面积
革命,革命
鞋,鞋
鞭炮,鞭炮
音乐,音乐
页,页
顶,顶
项,项
项目,项目
项链,项链
顺便,顺便
顺利,顺利
顺序,顺序
顾客,顾客
顿,顿
预习,预习
预报,预报
预订,预订
预防,预防
领域,领域
领导,领导
频道,频道
颗,颗
题,题
题目,题目
颜色,颜色
风俗,风俗
风景,风景
风格,风格
风险,风险
飘,飘
飞机,飞机
食品,食品
食物,食物
餐厅,餐厅
饭馆,饭馆
饮料,饮料
饱,饱
饺子,饺子
饼干,饼干
饿,饿
馒头,馒头
首先,首先
首都,首都
香,香
香蕉,香蕉
马,马
马上,马上
马虎,马虎
驾驶,驾驶
骂,骂
骄傲,骄傲
骑,骑
骗,骗
骨头,骨头
高,高
高兴,高兴
高档,高档
高级,高级
高速,高速
魅力,魅力
鱼,鱼
鲜艳,鲜艳
鸟,鸟
鸡蛋,鸡蛋
鸽子,鸽子
麦克风,麦克风
麻烦,麻烦
黄,黄
黄瓜,黄瓜
黄金,黄金
黑,黑
黑板,黑板
鼓励,鼓励
鼓掌,鼓掌
鼓舞,鼓舞
鼠标,鼠标
鼻子,鼻子
龙,龙
